Sex,score,label_value,rank_abs,rank_pct,binary_score,binary_fpr,binary_fnr,binary_ppr,binary_fdr,binary_tpr,binary_tnr,binary_npv,binary_pprev,binary_precision,binary_for
female,1.0,1,1,0.001,1,0.0,,1,0.0,,0.0,,1,0.0,
male,1.0,1,2,0.002,1,0.0,,1,0.0,,0.0,,1,0.0,
male,1.0,1,3,0.003,1,0.0,,1,0.0,,0.0,,1,0.0,
male,1.0,0,4,0.004,1,1.0,,1,1.0,,1.0,,1,1.0,
female,1.0,0,5,0.005,1,1.0,,1,1.0,,1.0,,1,1.0,
male,1.0,1,6,0.006,1,0.0,,1,0.0,,0.0,,1,0.0,
male,1.0,0,7,0.007,1,1.0,,1,1.0,,1.0,,1,1.0,
female,1.0,1,8,0.008,1,0.0,,1,0.0,,0.0,,1,0.0,
female,1.0,1,9,0.009,1,0.0,,1,0.0,,0.0,,1,0.0,
female,1.0,0,10,0.01,1,1.0,,1,1.0,,1.0,,1,1.0,
female,1.0,0,11,0.011,1,1.0,,1,1.0,,1.0,,1,1.0,
female,1.0,0,12,0.012,1,1.0,,1,1.0,,1.0,,1,1.0,
male,1.0,1,13,0.013,1,0.0,,1,0.0,,0.0,,1,0.0,
male,1.0,1,14,0.014,1,0.0,,1,0.0,,0.0,,1,0.0,
female,1.0,0,15,0.015,1,1.0,,1,1.0,,1.0,,1,1.0,
male,1.0,1,16,0.016,1,0.0,,1,0.0,,0.0,,1,0.0,
female,1.0,1,17,0.017,1,0.0,,1,0.0,,0.0,,1,0.0,
male,1.0,0,18,0.018,1,1.0,,1,1.0,,1.0,,1,1.0,
male,1.0,0,19,0.019,1,1.0,,1,1.0,,1.0,,1,1.0,
male,1.0,1,20,0.02,1,0.0,,1,0.0,,0.0,,1,0.0,
female,1.0,0,21,0.021,1,1.0,,1,1.0,,1.0,,1,1.0,
female,1.0,0,22,0.022,1,1.0,,1,1.0,,1.0,,1,1.0,
male,1.0,0,23,0.023,1,1.0,,1,1.0,,1.0,,1,1.0,
male,1.0,1,24,0.024,1,0.0,,1,0.0,,0.0,,1,0.0,
male,1.0,1,25,0.025,1,0.0,,1,0.0,,0.0,,1,0.0,
male,1.0,1,26,0.026,1,0.0,,1,0.0,,0.0,,1,0.0,
male,1.0,0,27,0.027,1,1.0,,1,1.0,,1.0,,1,1.0,
female,1.0,1,28,0.028,1,0.0,,1,0.0,,0.0,,1,0.0,
male,1.0,1,29,0.029,1,0.0,,1,0.0,,0.0,,1,0.0,
female,1.0,0,30,0.03,1,1.0,,1,1.0,,1.0,,1,1.0,
male,1.0,1,31,0.031,1,0.0,,1,0.0,,0.0,,1,0.0,
female,1.0,0,32,0.032,1,1.0,,1,1.0,,1.0,,1,1.0,
male,1.0,1,33,0.033,1,0.0,,1,0.0,,0.0,,1,0.0,
male,1.0,1,34,0.034,1,0.0,,1,0.0,,0.0,,1,0.0,
male,1.0,1,35,0.035,1,0.0,,1,0.0,,0.0,,1,0.0,
male,1.0,1,36,0.036,1,0.0,,1,0.0,,0.0,,1,0.0,
female,1.0,1,37,0.037,1,0.0,,1,0.0,,0.0,,1,0.0,
male,1.0,0,38,0.038,1,1.0,,1,1.0,,1.0,,1,1.0,
male,1.0,1,39,0.039,1,0.0,,1,0.0,,0.0,,1,0.0,
male,1.0,0,40,0.04,1,1.0,,1,1.0,,1.0,,1,1.0,
female,1.0,0,41,0.041,1,1.0,,1,1.0,,1.0,,1,1.0,
male,1.0,1,42,0.042,1,0.0,,1,0.0,,0.0,,1,0.0,
female,1.0,1,43,0.043,1,0.0,,1,0.0,,0.0,,1,0.0,
male,1.0,1,44,0.044,1,0.0,,1,0.0,,0.0,,1,0.0,
female,1.0,1,45,0.045,1,0.0,,1,0.0,,0.0,,1,0.0,
female,1.0,1,46,0.046,1,0.0,,1,0.0,,0.0,,1,0.0,
male,1.0,1,47,0.047,1,0.0,,1,0.0,,0.0,,1,0.0,
female,1.0,0,48,0.048,1,1.0,,1,1.0,,1.0,,1,1.0,
female,1.0,1,49,0.049,1,0.0,,1,0.0,,0.0,,1,0.0,
female,1.0,1,50,0.05,1,0.0,,1,0.0,,0.0,,1,0.0,
male,1.0,0,51,0.051,1,1.0,,1,1.0,,1.0,,1,1.0,
male,1.0,1,52,0.052,1,0.0,,1,0.0,,0.0,,1,0.0,
female,1.0,1,53,0.053,1,0.0,,1,0.0,,0.0,,1,0.0,
male,1.0,0,54,0.054,1,1.0,,1,1.0,,1.0,,1,1.0,
male,1.0,0,55,0.055,1,1.0,,1,1.0,,1.0,,1,1.0,
male,1.0,1,56,0.056,1,0.0,,1,0.0,,0.0,,1,0.0,
male,1.0,0,57,0.057,1,1.0,,1,1.0,,1.0,,1,1.0,
male,1.0,1,58,0.058,1,0.0,,1,0.0,,0.0,,1,0.0,
male,1.0,1,59,0.059,1,0.0,,1,0.0,,0.0,,1,0.0,
male,1.0,0,60,0.06,1,1.0,,1,1.0,,1.0,,1,1.0,
male,1.0,1,61,0.061,1,0.0,,1,0.0,,0.0,,1,0.0,
male,1.0,1,62,0.062,1,0.0,,1,0.0,,0.0,,1,0.0,
male,1.0,0,63,0.063,1,1.0,,1,1.0,,1.0,,1,1.0,
male,1.0,1,64,0.064,1,0.0,,1,0.0,,0.0,,1,0.0,
female,1.0,0,65,0.065,1,1.0,,1,1.0,,1.0,,1,1.0,
male,1.0,0,66,0.066,1,1.0,,1,1.0,,1.0,,1,1.0,
male,1.0,0,67,0.067,1,1.0,,1,1.0,,1.0,,1,1.0,
male,1.0,1,68,0.068,1,0.0,,1,0.0,,0.0,,1,0.0,
male,1.0,1,69,0.069,1,0.0,,1,0.0,,0.0,,1,0.0,
female,1.0,1,70,0.07,1,0.0,,1,0.0,,0.0,,1,0.0,
male,1.0,1,71,0.071,1,0.0,,1,0.0,,0.0,,1,0.0,
male,1.0,1,72,0.072,1,0.0,,1,0.0,,0.0,,1,0.0,
male,1.0,0,73,0.073,1,1.0,,1,1.0,,1.0,,1,1.0,
female,1.0,0,74,0.074,1,1.0,,1,1.0,,1.0,,1,1.0,
female,1.0,1,75,0.075,1,0.0,,1,0.0,,0.0,,1,0.0,
female,1.0,1,76,0.076,1,0.0,,1,0.0,,0.0,,1,0.0,
female,1.0,1,77,0.077,1,0.0,,1,0.0,,0.0,,1,0.0,
female,1.0,0,78,0.078,1,1.0,,1,1.0,,1.0,,1,1.0,
male,1.0,0,79,0.079,1,1.0,,1,1.0,,1.0,,1,1.0,
female,1.0,1,80,0.08,1,0.0,,1,0.0,,0.0,,1,0.0,
female,1.0,1,81,0.081,1,0.0,,1,0.0,,0.0,,1,0.0,
female,1.0,1,82,0.082,1,0.0,,1,0.0,,0.0,,1,0.0,
female,1.0,0,83,0.083,1,1.0,,1,1.0,,1.0,,1,1.0,
female,1.0,0,84,0.084,1,1.0,,1,1.0,,1.0,,1,1.0,
male,1.0,0,85,0.085,1,1.0,,1,1.0,,1.0,,1,1.0,
male,1.0,0,86,0.086,1,1.0,,1,1.0,,1.0,,1,1.0,
male,1.0,0,87,0.087,1,1.0,,1,1.0,,1.0,,1,1.0,
female,1.0,1,88,0.088,1,0.0,,1,0.0,,0.0,,1,0.0,
male,1.0,0,89,0.089,1,1.0,,1,1.0,,1.0,,1,1.0,
female,1.0,0,90,0.09,1,1.0,,1,1.0,,1.0,,1,1.0,
male,1.0,0,91,0.091,1,1.0,,1,1.0,,1.0,,1,1.0,
female,1.0,0,92,0.092,1,1.0,,1,1.0,,1.0,,1,1.0,
female,1.0,0,93,0.093,1,1.0,,1,1.0,,1.0,,1,1.0,
male,1.0,1,94,0.094,1,0.0,,1,0.0,,0.0,,1,0.0,
male,1.0,1,95,0.095,1,0.0,,1,0.0,,0.0,,1,0.0,
female,1.0,0,96,0.096,1,1.0,,1,1.0,,1.0,,1,1.0,
female,1.0,1,97,0.097,1,0.0,,1,0.0,,0.0,,1,0.0,
male,1.0,0,98,0.098,1,1.0,,1,1.0,,1.0,,1,1.0,
male,1.0,1,99,0.099,1,0.0,,1,0.0,,0.0,,1,0.0,
female,1.0,0,100,0.1,1,1.0,,1,1.0,,1.0,,1,1.0,
female,1.0,1,101,0.101,1,0.0,,1,0.0,,0.0,,1,0.0,
female,1.0,0,102,0.102,1,1.0,,1,1.0,,1.0,,1,1.0,
male,1.0,0,103,0.103,1,1.0,,1,1.0,,1.0,,1,1.0,
female,1.0,1,104,0.104,1,0.0,,1,0.0,,0.0,,1,0.0,
male,1.0,0,105,0.105,1,1.0,,1,1.0,,1.0,,1,1.0,
female,1.0,1,106,0.106,1,0.0,,1,0.0,,0.0,,1,0.0,
male,1.0,1,107,0.107,1,0.0,,1,0.0,,0.0,,1,0.0,
male,1.0,0,108,0.108,1,1.0,,1,1.0,,1.0,,1,1.0,
male,1.0,0,109,0.109,1,1.0,,1,1.0,,1.0,,1,1.0,
male,1.0,0,110,0.11,1,1.0,,1,1.0,,1.0,,1,1.0,
female,1.0,1,111,0.111,1,0.0,,1,0.0,,0.0,,1,0.0,
female,1.0,0,112,0.112,1,1.0,,1,1.0,,1.0,,1,1.0,
male,1.0,0,113,0.113,1,1.0,,1,1.0,,1.0,,1,1.0,
male,1.0,0,114,0.114,1,1.0,,1,1.0,,1.0,,1,1.0,
male,1.0,0,115,0.115,1,1.0,,1,1.0,,1.0,,1,1.0,
male,1.0,1,116,0.116,1,0.0,,1,0.0,,0.0,,1,0.0,
male,1.0,0,117,0.117,1,1.0,,1,1.0,,1.0,,1,1.0,
male,1.0,1,118,0.118,1,0.0,,1,0.0,,0.0,,1,0.0,
female,1.0,0,119,0.119,1,1.0,,1,1.0,,1.0,,1,1.0,
female,1.0,0,120,0.12,1,1.0,,1,1.0,,1.0,,1,1.0,
male,1.0,0,121,0.121,1,1.0,,1,1.0,,1.0,,1,1.0,
female,1.0,1,122,0.122,1,0.0,,1,0.0,,0.0,,1,0.0,
female,1.0,1,123,0.123,1,0.0,,1,0.0,,0.0,,1,0.0,
male,1.0,1,124,0.124,1,0.0,,1,0.0,,0.0,,1,0.0,
female,1.0,1,125,0.125,1,0.0,,1,0.0,,0.0,,1,0.0,
female,1.0,0,126,0.126,1,1.0,,1,1.0,,1.0,,1,1.0,
male,1.0,0,127,0.127,1,1.0,,1,1.0,,1.0,,1,1.0,
male,1.0,0,128,0.128,1,1.0,,1,1.0,,1.0,,1,1.0,
male,1.0,0,129,0.129,1,1.0,,1,1.0,,1.0,,1,1.0,
female,1.0,0,130,0.13,1,1.0,,1,1.0,,1.0,,1,1.0,
male,1.0,0,131,0.131,1,1.0,,1,1.0,,1.0,,1,1.0,
female,1.0,0,132,0.132,1,1.0,,1,1.0,,1.0,,1,1.0,
male,1.0,0,133,0.133,1,1.0,,1,1.0,,1.0,,1,1.0,
female,1.0,0,134,0.134,1,1.0,,1,1.0,,1.0,,1,1.0,
male,1.0,0,135,0.135,1,1.0,,1,1.0,,1.0,,1,1.0,
male,1.0,1,136,0.136,1,0.0,,1,0.0,,0.0,,1,0.0,
female,1.0,1,137,0.137,1,0.0,,1,0.0,,0.0,,1,0.0,
female,1.0,1,138,0.138,1,0.0,,1,0.0,,0.0,,1,0.0,
male,1.0,1,139,0.139,1,0.0,,1,0.0,,0.0,,1,0.0,
female,1.0,0,140,0.14,1,1.0,,1,1.0,,1.0,,1,1.0,
male,1.0,0,141,0.141,1,1.0,,1,1.0,,1.0,,1,1.0,
male,1.0,1,142,0.142,1,0.0,,1,0.0,,0.0,,1,0.0,
male,1.0,1,143,0.143,1,0.0,,1,0.0,,0.0,,1,0.0,
male,1.0,0,144,0.144,1,1.0,,1,1.0,,1.0,,1,1.0,
male,1.0,0,145,0.145,1,1.0,,1,1.0,,1.0,,1,1.0,
female,1.0,1,146,0.146,1,0.0,,1,0.0,,0.0,,1,0.0,
male,1.0,0,147,0.147,1,1.0,,1,1.0,,1.0,,1,1.0,
male,1.0,1,148,0.148,1,0.0,,1,0.0,,0.0,,1,0.0,
female,1.0,1,149,0.149,1,0.0,,1,0.0,,0.0,,1,0.0,
male,1.0,0,150,0.15,1,1.0,,1,1.0,,1.0,,1,1.0,
male,1.0,1,151,0.151,1,0.0,,1,0.0,,0.0,,1,0.0,
male,1.0,1,152,0.152,1,0.0,,1,0.0,,0.0,,1,0.0,
male,1.0,0,153,0.153,1,1.0,,1,1.0,,1.0,,1,1.0,
male,1.0,0,154,0.154,1,1.0,,1,1.0,,1.0,,1,1.0,
male,1.0,0,155,0.155,1,1.0,,1,1.0,,1.0,,1,1.0,
female,1.0,0,156,0.156,1,1.0,,1,1.0,,1.0,,1,1.0,
female,1.0,1,157,0.157,1,0.0,,1,0.0,,0.0,,1,0.0,
male,1.0,0,158,0.158,1,1.0,,1,1.0,,1.0,,1,1.0,
female,1.0,1,159,0.159,1,0.0,,1,0.0,,0.0,,1,0.0,
female,1.0,1,160,0.16,1,0.0,,1,0.0,,0.0,,1,0.0,
female,1.0,0,161,0.161,1,1.0,,1,1.0,,1.0,,1,1.0,
male,1.0,0,162,0.162,1,1.0,,1,1.0,,1.0,,1,1.0,
female,1.0,1,163,0.163,1,0.0,,1,0.0,,0.0,,1,0.0,
male,1.0,0,164,0.164,1,1.0,,1,1.0,,1.0,,1,1.0,
male,1.0,1,165,0.165,1,0.0,,1,0.0,,0.0,,1,0.0,
female,1.0,0,166,0.166,1,1.0,,1,1.0,,1.0,,1,1.0,
male,1.0,0,167,0.167,1,1.0,,1,1.0,,1.0,,1,1.0,
male,1.0,0,168,0.168,1,1.0,,1,1.0,,1.0,,1,1.0,
female,1.0,0,169,0.169,1,1.0,,1,1.0,,1.0,,1,1.0,
male,1.0,0,170,0.17,1,1.0,,1,1.0,,1.0,,1,1.0,
male,1.0,0,171,0.171,1,1.0,,1,1.0,,1.0,,1,1.0,
female,1.0,0,172,0.172,1,1.0,,1,1.0,,1.0,,1,1.0,
female,1.0,0,173,0.173,1,1.0,,1,1.0,,1.0,,1,1.0,
male,1.0,1,174,0.174,1,0.0,,1,0.0,,0.0,,1,0.0,
female,1.0,1,175,0.175,1,0.0,,1,0.0,,0.0,,1,0.0,
male,1.0,1,176,0.176,1,0.0,,1,0.0,,0.0,,1,0.0,
male,1.0,1,177,0.177,1,0.0,,1,0.0,,0.0,,1,0.0,
female,1.0,1,178,0.178,1,0.0,,1,0.0,,0.0,,1,0.0,
male,1.0,0,179,0.179,1,1.0,,1,1.0,,1.0,,1,1.0,
male,1.0,0,180,0.18,1,1.0,,1,1.0,,1.0,,1,1.0,
male,1.0,0,181,0.181,1,1.0,,1,1.0,,1.0,,1,1.0,
male,1.0,1,182,0.182,1,0.0,,1,0.0,,0.0,,1,0.0,
male,1.0,0,183,0.183,1,1.0,,1,1.0,,1.0,,1,1.0,
female,1.0,0,184,0.184,1,1.0,,1,1.0,,1.0,,1,1.0,
female,1.0,1,185,0.185,1,0.0,,1,0.0,,0.0,,1,0.0,
male,1.0,1,186,0.186,1,0.0,,1,0.0,,0.0,,1,0.0,
male,1.0,0,187,0.187,1,1.0,,1,1.0,,1.0,,1,1.0,
male,1.0,0,188,0.188,1,1.0,,1,1.0,,1.0,,1,1.0,
male,1.0,0,189,0.189,1,1.0,,1,1.0,,1.0,,1,1.0,
male,1.0,0,190,0.19,1,1.0,,1,1.0,,1.0,,1,1.0,
female,1.0,0,191,0.191,1,1.0,,1,1.0,,1.0,,1,1.0,
male,1.0,1,192,0.192,1,0.0,,1,0.0,,0.0,,1,0.0,
male,1.0,1,193,0.193,1,0.0,,1,0.0,,0.0,,1,0.0,
male,1.0,0,194,0.194,1,1.0,,1,1.0,,1.0,,1,1.0,
male,1.0,0,195,0.195,1,1.0,,1,1.0,,1.0,,1,1.0,
male,1.0,0,196,0.196,1,1.0,,1,1.0,,1.0,,1,1.0,
female,1.0,0,197,0.197,1,1.0,,1,1.0,,1.0,,1,1.0,
female,1.0,1,198,0.198,1,0.0,,1,0.0,,0.0,,1,0.0,
female,1.0,0,199,0.199,1,1.0,,1,1.0,,1.0,,1,1.0,
male,1.0,1,200,0.2,1,0.0,,1,0.0,,0.0,,1,0.0,
female,1.0,1,201,0.201,1,0.0,,1,0.0,,0.0,,1,0.0,
male,1.0,1,202,0.202,1,0.0,,1,0.0,,0.0,,1,0.0,
male,1.0,1,203,0.203,1,0.0,,1,0.0,,0.0,,1,0.0,
male,1.0,1,204,0.204,1,0.0,,1,0.0,,0.0,,1,0.0,
male,1.0,0,205,0.205,1,1.0,,1,1.0,,1.0,,1,1.0,
male,1.0,1,206,0.206,1,0.0,,1,0.0,,0.0,,1,0.0,
female,1.0,1,207,0.207,1,0.0,,1,0.0,,0.0,,1,0.0,
male,1.0,0,208,0.208,1,1.0,,1,1.0,,1.0,,1,1.0,
female,1.0,0,209,0.209,1,1.0,,1,1.0,,1.0,,1,1.0,
female,1.0,1,210,0.21,1,0.0,,1,0.0,,0.0,,1,0.0,
male,1.0,1,211,0.211,1,0.0,,1,0.0,,0.0,,1,0.0,
male,1.0,0,212,0.212,1,1.0,,1,1.0,,1.0,,1,1.0,
male,1.0,1,213,0.213,1,0.0,,1,0.0,,0.0,,1,0.0,
female,1.0,1,214,0.214,1,0.0,,1,0.0,,0.0,,1,0.0,
male,1.0,0,215,0.215,1,1.0,,1,1.0,,1.0,,1,1.0,
male,1.0,1,216,0.216,1,0.0,,1,0.0,,0.0,,1,0.0,
male,1.0,1,217,0.217,1,0.0,,1,0.0,,0.0,,1,0.0,
female,1.0,1,218,0.218,1,0.0,,1,0.0,,0.0,,1,0.0,
female,1.0,1,219,0.219,1,0.0,,1,0.0,,0.0,,1,0.0,
female,1.0,0,220,0.22,1,1.0,,1,1.0,,1.0,,1,1.0,
female,1.0,0,221,0.221,1,1.0,,1,1.0,,1.0,,1,1.0,
female,1.0,0,222,0.222,1,1.0,,1,1.0,,1.0,,1,1.0,
male,1.0,0,223,0.223,1,1.0,,1,1.0,,1.0,,1,1.0,
male,1.0,0,224,0.224,1,1.0,,1,1.0,,1.0,,1,1.0,
female,1.0,0,225,0.225,1,1.0,,1,1.0,,1.0,,1,1.0,
male,1.0,0,226,0.226,1,1.0,,1,1.0,,1.0,,1,1.0,
male,1.0,1,227,0.227,1,0.0,,1,0.0,,0.0,,1,0.0,
female,1.0,1,228,0.228,1,0.0,,1,0.0,,0.0,,1,0.0,
male,1.0,0,229,0.229,1,1.0,,1,1.0,,1.0,,1,1.0,
male,1.0,1,230,0.23,1,0.0,,1,0.0,,0.0,,1,0.0,
male,1.0,1,231,0.231,1,0.0,,1,0.0,,0.0,,1,0.0,
male,1.0,0,232,0.232,1,1.0,,1,1.0,,1.0,,1,1.0,
female,1.0,0,233,0.233,1,1.0,,1,1.0,,1.0,,1,1.0,
male,1.0,1,234,0.234,1,0.0,,1,0.0,,0.0,,1,0.0,
male,1.0,0,235,0.235,1,1.0,,1,1.0,,1.0,,1,1.0,
male,1.0,0,236,0.236,1,1.0,,1,1.0,,1.0,,1,1.0,
female,1.0,1,237,0.237,1,0.0,,1,0.0,,0.0,,1,0.0,
male,1.0,1,238,0.238,1,0.0,,1,0.0,,0.0,,1,0.0,
male,1.0,1,239,0.239,1,0.0,,1,0.0,,0.0,,1,0.0,
male,1.0,1,240,0.24,1,0.0,,1,0.0,,0.0,,1,0.0,
male,1.0,1,241,0.241,1,0.0,,1,0.0,,0.0,,1,0.0,
female,1.0,0,242,0.242,1,1.0,,1,1.0,,1.0,,1,1.0,
male,1.0,1,243,0.243,1,0.0,,1,0.0,,0.0,,1,0.0,
female,1.0,0,244,0.244,1,1.0,,1,1.0,,1.0,,1,1.0,
male,1.0,0,245,0.245,1,1.0,,1,1.0,,1.0,,1,1.0,
male,1.0,0,246,0.246,1,1.0,,1,1.0,,1.0,,1,1.0,
male,1.0,0,247,0.247,1,1.0,,1,1.0,,1.0,,1,1.0,
male,1.0,0,248,0.248,1,1.0,,1,1.0,,1.0,,1,1.0,
male,1.0,0,249,0.249,1,1.0,,1,1.0,,1.0,,1,1.0,
male,1.0,1,250,0.25,1,0.0,,1,0.0,,0.0,,1,0.0,
male,1.0,0,251,0.251,1,1.0,,1,1.0,,1.0,,1,1.0,
male,1.0,0,252,0.252,1,1.0,,1,1.0,,1.0,,1,1.0,
male,1.0,1,253,0.253,1,0.0,,1,0.0,,0.0,,1,0.0,
male,1.0,0,254,0.254,1,1.0,,1,1.0,,1.0,,1,1.0,
female,1.0,0,255,0.255,1,1.0,,1,1.0,,1.0,,1,1.0,
male,1.0,1,256,0.256,1,0.0,,1,0.0,,0.0,,1,0.0,
male,1.0,0,257,0.257,1,1.0,,1,1.0,,1.0,,1,1.0,
male,1.0,0,258,0.258,1,1.0,,1,1.0,,1.0,,1,1.0,
female,1.0,1,259,0.259,1,0.0,,1,0.0,,0.0,,1,0.0,
female,1.0,0,260,0.26,1,1.0,,1,1.0,,1.0,,1,1.0,
male,1.0,1,261,0.261,1,0.0,,1,0.0,,0.0,,1,0.0,
female,1.0,1,262,0.262,1,0.0,,1,0.0,,0.0,,1,0.0,
male,1.0,1,263,0.263,1,0.0,,1,0.0,,0.0,,1,0.0,
female,1.0,0,264,0.264,1,1.0,,1,1.0,,1.0,,1,1.0,
female,1.0,0,265,0.265,1,1.0,,1,1.0,,1.0,,1,1.0,
female,1.0,0,266,0.266,1,1.0,,1,1.0,,1.0,,1,1.0,
male,1.0,1,267,0.267,1,0.0,,1,0.0,,0.0,,1,0.0,
male,1.0,0,268,0.268,1,1.0,,1,1.0,,1.0,,1,1.0,
male,1.0,1,269,0.269,1,0.0,,1,0.0,,0.0,,1,0.0,
female,1.0,1,270,0.27,1,0.0,,1,0.0,,0.0,,1,0.0,
female,1.0,1,271,0.271,1,0.0,,1,0.0,,0.0,,1,0.0,
female,1.0,0,272,0.272,1,1.0,,1,1.0,,1.0,,1,1.0,
male,1.0,1,273,0.273,1,0.0,,1,0.0,,0.0,,1,0.0,
male,1.0,0,274,0.274,1,1.0,,1,1.0,,1.0,,1,1.0,
male,1.0,0,275,0.275,1,1.0,,1,1.0,,1.0,,1,1.0,
male,1.0,1,276,0.276,1,0.0,,1,0.0,,0.0,,1,0.0,
female,1.0,0,277,0.277,1,1.0,,1,1.0,,1.0,,1,1.0,
female,1.0,1,278,0.278,1,0.0,,1,0.0,,0.0,,1,0.0,
male,1.0,1,279,0.279,1,0.0,,1,0.0,,0.0,,1,0.0,
male,1.0,0,280,0.28,1,1.0,,1,1.0,,1.0,,1,1.0,
female,1.0,1,281,0.281,1,0.0,,1,0.0,,0.0,,1,0.0,
female,1.0,1,282,0.282,1,0.0,,1,0.0,,0.0,,1,0.0,
female,1.0,1,283,0.283,1,0.0,,1,0.0,,0.0,,1,0.0,
female,1.0,1,284,0.284,1,0.0,,1,0.0,,0.0,,1,0.0,
female,1.0,1,285,0.285,1,0.0,,1,0.0,,0.0,,1,0.0,
male,1.0,0,286,0.286,1,1.0,,1,1.0,,1.0,,1,1.0,
male,1.0,0,287,0.287,1,1.0,,1,1.0,,1.0,,1,1.0,
male,1.0,1,288,0.288,1,0.0,,1,0.0,,0.0,,1,0.0,
female,1.0,0,289,0.289,1,1.0,,1,1.0,,1.0,,1,1.0,
female,1.0,0,290,0.29,1,1.0,,1,1.0,,1.0,,1,1.0,
female,1.0,1,291,0.291,1,0.0,,1,0.0,,0.0,,1,0.0,
male,1.0,0,292,0.292,1,1.0,,1,1.0,,1.0,,1,1.0,
female,1.0,1,293,0.293,1,0.0,,1,0.0,,0.0,,1,0.0,
male,1.0,0,294,0.294,1,1.0,,1,1.0,,1.0,,1,1.0,
male,1.0,0,295,0.295,1,1.0,,1,1.0,,1.0,,1,1.0,
female,1.0,1,296,0.296,1,0.0,,1,0.0,,0.0,,1,0.0,
female,1.0,0,297,0.297,1,1.0,,1,1.0,,1.0,,1,1.0,
male,1.0,1,298,0.298,1,0.0,,1,0.0,,0.0,,1,0.0,
female,1.0,0,299,0.299,1,1.0,,1,1.0,,1.0,,1,1.0,
female,1.0,0,300,0.3,1,1.0,,1,1.0,,1.0,,1,1.0,
male,1.0,1,301,0.301,1,0.0,,1,0.0,,0.0,,1,0.0,
male,1.0,0,302,0.302,1,1.0,,1,1.0,,1.0,,1,1.0,
male,1.0,0,303,0.303,1,1.0,,1,1.0,,1.0,,1,1.0,
female,1.0,0,304,0.304,1,1.0,,1,1.0,,1.0,,1,1.0,
male,1.0,1,305,0.305,1,0.0,,1,0.0,,0.0,,1,0.0,
male,1.0,0,306,0.306,1,1.0,,1,1.0,,1.0,,1,1.0,
male,1.0,0,307,0.307,1,1.0,,1,1.0,,1.0,,1,1.0,
male,1.0,0,308,0.308,1,1.0,,1,1.0,,1.0,,1,1.0,
male,1.0,0,309,0.309,1,1.0,,1,1.0,,1.0,,1,1.0,
male,1.0,0,310,0.31,1,1.0,,1,1.0,,1.0,,1,1.0,
male,1.0,0,311,0.311,1,1.0,,1,1.0,,1.0,,1,1.0,
female,1.0,0,312,0.312,1,1.0,,1,1.0,,1.0,,1,1.0,
male,1.0,0,313,0.313,1,1.0,,1,1.0,,1.0,,1,1.0,
male,1.0,0,314,0.314,1,1.0,,1,1.0,,1.0,,1,1.0,
male,1.0,0,315,0.315,1,1.0,,1,1.0,,1.0,,1,1.0,
male,1.0,1,316,0.316,1,0.0,,1,0.0,,0.0,,1,0.0,
female,1.0,0,317,0.317,1,1.0,,1,1.0,,1.0,,1,1.0,
male,1.0,0,318,0.318,1,1.0,,1,1.0,,1.0,,1,1.0,
male,1.0,0,319,0.319,1,1.0,,1,1.0,,1.0,,1,1.0,
male,1.0,0,320,0.32,1,1.0,,1,1.0,,1.0,,1,1.0,
female,1.0,0,321,0.321,1,1.0,,1,1.0,,1.0,,1,1.0,
female,1.0,1,322,0.322,1,0.0,,1,0.0,,0.0,,1,0.0,
female,1.0,0,323,0.323,1,1.0,,1,1.0,,1.0,,1,1.0,
male,1.0,1,324,0.324,1,0.0,,1,0.0,,0.0,,1,0.0,
female,1.0,0,325,0.325,1,1.0,,1,1.0,,1.0,,1,1.0,
female,1.0,0,326,0.326,1,1.0,,1,1.0,,1.0,,1,1.0,
female,1.0,0,327,0.327,1,1.0,,1,1.0,,1.0,,1,1.0,
male,1.0,1,328,0.328,1,0.0,,1,0.0,,0.0,,1,0.0,
male,1.0,0,329,0.329,1,1.0,,1,1.0,,1.0,,1,1.0,
female,1.0,1,330,0.33,1,0.0,,1,0.0,,0.0,,1,0.0,
male,1.0,0,331,0.331,1,1.0,,1,1.0,,1.0,,1,1.0,
male,1.0,1,332,0.332,1,0.0,,1,0.0,,0.0,,1,0.0,
male,1.0,1,333,0.333,1,0.0,,1,0.0,,0.0,,1,0.0,
male,1.0,1,334,0.334,1,0.0,,1,0.0,,0.0,,1,0.0,
female,1.0,0,335,0.335,1,1.0,,1,1.0,,1.0,,1,1.0,
male,1.0,0,336,0.336,1,1.0,,1,1.0,,1.0,,1,1.0,
male,1.0,1,337,0.337,1,0.0,,1,0.0,,0.0,,1,0.0,
male,1.0,0,338,0.338,1,1.0,,1,1.0,,1.0,,1,1.0,
male,1.0,1,339,0.339,1,0.0,,1,0.0,,0.0,,1,0.0,
male,1.0,0,340,0.34,1,1.0,,1,1.0,,1.0,,1,1.0,
female,1.0,1,341,0.341,1,0.0,,1,0.0,,0.0,,1,0.0,
male,1.0,0,342,0.342,1,1.0,,1,1.0,,1.0,,1,1.0,
female,1.0,1,343,0.343,1,0.0,,1,0.0,,0.0,,1,0.0,
male,1.0,1,344,0.344,1,0.0,,1,0.0,,0.0,,1,0.0,
male,1.0,0,345,0.345,1,1.0,,1,1.0,,1.0,,1,1.0,
female,1.0,0,346,0.346,1,1.0,,1,1.0,,1.0,,1,1.0,
female,1.0,1,347,0.347,1,0.0,,1,0.0,,0.0,,1,0.0,
female,1.0,0,348,0.348,1,1.0,,1,1.0,,1.0,,1,1.0,
female,1.0,1,349,0.349,1,0.0,,1,0.0,,0.0,,1,0.0,
male,1.0,1,350,0.35,1,0.0,,1,0.0,,0.0,,1,0.0,
female,1.0,1,351,0.351,1,0.0,,1,0.0,,0.0,,1,0.0,
male,1.0,0,352,0.352,1,1.0,,1,1.0,,1.0,,1,1.0,
male,1.0,1,353,0.353,1,0.0,,1,0.0,,0.0,,1,0.0,
female,1.0,0,354,0.354,1,1.0,,1,1.0,,1.0,,1,1.0,
male,1.0,1,355,0.355,1,0.0,,1,0.0,,0.0,,1,0.0,
female,1.0,1,356,0.356,1,0.0,,1,0.0,,0.0,,1,0.0,
female,1.0,1,357,0.357,1,0.0,,1,0.0,,0.0,,1,0.0,
female,1.0,0,358,0.358,1,1.0,,1,1.0,,1.0,,1,1.0,
female,1.0,0,359,0.359,1,1.0,,1,1.0,,1.0,,1,1.0,
male,1.0,1,360,0.36,1,0.0,,1,0.0,,0.0,,1,0.0,
male,1.0,0,361,0.361,1,1.0,,1,1.0,,1.0,,1,1.0,
female,1.0,1,362,0.362,1,0.0,,1,0.0,,0.0,,1,0.0,
male,1.0,0,363,0.363,1,1.0,,1,1.0,,1.0,,1,1.0,
female,1.0,0,364,0.364,1,1.0,,1,1.0,,1.0,,1,1.0,
male,1.0,0,365,0.365,1,1.0,,1,1.0,,1.0,,1,1.0,
male,1.0,0,366,0.366,1,1.0,,1,1.0,,1.0,,1,1.0,
male,1.0,0,367,0.367,1,1.0,,1,1.0,,1.0,,1,1.0,
male,1.0,1,368,0.368,1,0.0,,1,0.0,,0.0,,1,0.0,
male,1.0,1,369,0.369,1,0.0,,1,0.0,,0.0,,1,0.0,
male,1.0,0,370,0.37,1,1.0,,1,1.0,,1.0,,1,1.0,
male,1.0,0,371,0.371,1,1.0,,1,1.0,,1.0,,1,1.0,
male,1.0,0,372,0.372,1,1.0,,1,1.0,,1.0,,1,1.0,
female,1.0,0,373,0.373,1,1.0,,1,1.0,,1.0,,1,1.0,
male,1.0,0,374,0.374,1,1.0,,1,1.0,,1.0,,1,1.0,
male,1.0,1,375,0.375,1,0.0,,1,0.0,,0.0,,1,0.0,
male,1.0,1,376,0.376,1,0.0,,1,0.0,,0.0,,1,0.0,
male,1.0,1,377,0.377,1,0.0,,1,0.0,,0.0,,1,0.0,
male,1.0,1,378,0.378,1,0.0,,1,0.0,,0.0,,1,0.0,
male,1.0,0,379,0.379,1,1.0,,1,1.0,,1.0,,1,1.0,
male,1.0,1,380,0.38,1,0.0,,1,0.0,,0.0,,1,0.0,
female,1.0,0,381,0.381,1,1.0,,1,1.0,,1.0,,1,1.0,
female,1.0,0,382,0.382,1,1.0,,1,1.0,,1.0,,1,1.0,
male,1.0,0,383,0.383,1,1.0,,1,1.0,,1.0,,1,1.0,
male,1.0,0,384,0.384,1,1.0,,1,1.0,,1.0,,1,1.0,
female,1.0,0,385,0.385,1,1.0,,1,1.0,,1.0,,1,1.0,
male,1.0,0,386,0.386,1,1.0,,1,1.0,,1.0,,1,1.0,
male,1.0,0,387,0.387,1,1.0,,1,1.0,,1.0,,1,1.0,
female,1.0,0,388,0.388,1,1.0,,1,1.0,,1.0,,1,1.0,
female,1.0,0,389,0.389,1,1.0,,1,1.0,,1.0,,1,1.0,
male,1.0,1,390,0.39,1,0.0,,1,0.0,,0.0,,1,0.0,
male,1.0,0,391,0.391,1,1.0,,1,1.0,,1.0,,1,1.0,
male,1.0,0,392,0.392,1,1.0,,1,1.0,,1.0,,1,1.0,
male,1.0,0,393,0.393,1,1.0,,1,1.0,,1.0,,1,1.0,
female,1.0,1,394,0.394,1,0.0,,1,0.0,,0.0,,1,0.0,
female,1.0,1,395,0.395,1,0.0,,1,0.0,,0.0,,1,0.0,
female,1.0,0,396,0.396,1,1.0,,1,1.0,,1.0,,1,1.0,
female,1.0,0,397,0.397,1,1.0,,1,1.0,,1.0,,1,1.0,
male,1.0,0,398,0.398,1,1.0,,1,1.0,,1.0,,1,1.0,
female,1.0,1,399,0.399,1,0.0,,1,0.0,,0.0,,1,0.0,
male,1.0,0,400,0.4,1,1.0,,1,1.0,,1.0,,1,1.0,
female,1.0,1,401,0.401,1,0.0,,1,0.0,,0.0,,1,0.0,
female,1.0,0,402,0.402,1,1.0,,1,1.0,,1.0,,1,1.0,
female,1.0,1,403,0.403,1,0.0,,1,0.0,,0.0,,1,0.0,
female,1.0,0,404,0.404,1,1.0,,1,1.0,,1.0,,1,1.0,
female,1.0,1,405,0.405,1,0.0,,1,0.0,,0.0,,1,0.0,
male,1.0,0,406,0.406,1,1.0,,1,1.0,,1.0,,1,1.0,
female,1.0,0,407,0.407,1,1.0,,1,1.0,,1.0,,1,1.0,
male,1.0,1,408,0.408,1,0.0,,1,0.0,,0.0,,1,0.0,
male,1.0,1,409,0.409,1,0.0,,1,0.0,,0.0,,1,0.0,
male,1.0,0,410,0.41,1,1.0,,1,1.0,,1.0,,1,1.0,
male,1.0,1,411,0.411,1,0.0,,1,0.0,,0.0,,1,0.0,
male,1.0,0,412,0.412,1,1.0,,1,1.0,,1.0,,1,1.0,
male,1.0,0,413,0.413,1,1.0,,1,1.0,,1.0,,1,1.0,
male,1.0,0,414,0.414,1,1.0,,1,1.0,,1.0,,1,1.0,
female,1.0,0,415,0.415,1,1.0,,1,1.0,,1.0,,1,1.0,
male,1.0,0,416,0.416,1,1.0,,1,1.0,,1.0,,1,1.0,
female,1.0,1,417,0.417,1,0.0,,1,0.0,,0.0,,1,0.0,
female,1.0,0,418,0.418,1,1.0,,1,1.0,,1.0,,1,1.0,
male,1.0,1,419,0.419,1,0.0,,1,0.0,,0.0,,1,0.0,
female,1.0,0,420,0.42,1,1.0,,1,1.0,,1.0,,1,1.0,
male,1.0,1,421,0.421,1,0.0,,1,0.0,,0.0,,1,0.0,
female,1.0,1,422,0.422,1,0.0,,1,0.0,,0.0,,1,0.0,
female,1.0,0,423,0.423,1,1.0,,1,1.0,,1.0,,1,1.0,
male,1.0,1,424,0.424,1,0.0,,1,0.0,,0.0,,1,0.0,
female,1.0,1,425,0.425,1,0.0,,1,0.0,,0.0,,1,0.0,
male,1.0,0,426,0.426,1,1.0,,1,1.0,,1.0,,1,1.0,
male,1.0,1,427,0.427,1,0.0,,1,0.0,,0.0,,1,0.0,
male,1.0,1,428,0.428,1,0.0,,1,0.0,,0.0,,1,0.0,
female,1.0,1,429,0.429,1,0.0,,1,0.0,,0.0,,1,0.0,
male,1.0,0,430,0.43,1,1.0,,1,1.0,,1.0,,1,1.0,
male,1.0,0,431,0.431,1,1.0,,1,1.0,,1.0,,1,1.0,
female,1.0,0,432,0.432,1,1.0,,1,1.0,,1.0,,1,1.0,
female,1.0,0,433,0.433,1,1.0,,1,1.0,,1.0,,1,1.0,
male,1.0,0,434,0.434,1,1.0,,1,1.0,,1.0,,1,1.0,
female,1.0,1,435,0.435,1,0.0,,1,0.0,,0.0,,1,0.0,
male,1.0,0,436,0.436,1,1.0,,1,1.0,,1.0,,1,1.0,
male,1.0,0,437,0.437,1,1.0,,1,1.0,,1.0,,1,1.0,
female,1.0,0,438,0.438,1,1.0,,1,1.0,,1.0,,1,1.0,
male,1.0,0,439,0.439,1,1.0,,1,1.0,,1.0,,1,1.0,
male,1.0,1,440,0.44,1,0.0,,1,0.0,,0.0,,1,0.0,
male,1.0,1,441,0.441,1,0.0,,1,0.0,,0.0,,1,0.0,
male,1.0,1,442,0.442,1,0.0,,1,0.0,,0.0,,1,0.0,
male,1.0,1,443,0.443,1,0.0,,1,0.0,,0.0,,1,0.0,
male,1.0,0,444,0.444,1,1.0,,1,1.0,,1.0,,1,1.0,
female,1.0,0,445,0.445,1,1.0,,1,1.0,,1.0,,1,1.0,
male,1.0,0,446,0.446,1,1.0,,1,1.0,,1.0,,1,1.0,
male,1.0,1,447,0.447,1,0.0,,1,0.0,,0.0,,1,0.0,
male,1.0,0,448,0.448,1,1.0,,1,1.0,,1.0,,1,1.0,
male,1.0,0,449,0.449,1,1.0,,1,1.0,,1.0,,1,1.0,
male,1.0,1,450,0.45,1,0.0,,1,0.0,,0.0,,1,0.0,
male,1.0,0,451,0.451,1,1.0,,1,1.0,,1.0,,1,1.0,
male,1.0,0,452,0.452,1,1.0,,1,1.0,,1.0,,1,1.0,
male,1.0,0,453,0.453,1,1.0,,1,1.0,,1.0,,1,1.0,
male,1.0,0,454,0.454,1,1.0,,1,1.0,,1.0,,1,1.0,
male,1.0,1,455,0.455,1,0.0,,1,0.0,,0.0,,1,0.0,
female,1.0,0,456,0.456,1,1.0,,1,1.0,,1.0,,1,1.0,
male,1.0,0,457,0.457,1,1.0,,1,1.0,,1.0,,1,1.0,
female,1.0,0,458,0.458,1,1.0,,1,1.0,,1.0,,1,1.0,
male,1.0,0,459,0.459,1,1.0,,1,1.0,,1.0,,1,1.0,
male,1.0,1,460,0.46,1,0.0,,1,0.0,,0.0,,1,0.0,
male,1.0,1,461,0.461,1,0.0,,1,0.0,,0.0,,1,0.0,
male,1.0,1,462,0.462,1,0.0,,1,0.0,,0.0,,1,0.0,
male,1.0,0,463,0.463,1,1.0,,1,1.0,,1.0,,1,1.0,
male,1.0,0,464,0.464,1,1.0,,1,1.0,,1.0,,1,1.0,
male,1.0,1,465,0.465,1,0.0,,1,0.0,,0.0,,1,0.0,
male,1.0,1,466,0.466,1,0.0,,1,0.0,,0.0,,1,0.0,
male,1.0,1,467,0.467,1,0.0,,1,0.0,,0.0,,1,0.0,
female,1.0,1,468,0.468,1,0.0,,1,0.0,,0.0,,1,0.0,
female,1.0,1,469,0.469,1,0.0,,1,0.0,,0.0,,1,0.0,
male,1.0,0,470,0.47,1,1.0,,1,1.0,,1.0,,1,1.0,
male,1.0,0,471,0.471,1,1.0,,1,1.0,,1.0,,1,1.0,
male,1.0,1,472,0.472,1,0.0,,1,0.0,,0.0,,1,0.0,
male,1.0,1,473,0.473,1,0.0,,1,0.0,,0.0,,1,0.0,
male,1.0,0,474,0.474,1,1.0,,1,1.0,,1.0,,1,1.0,
male,1.0,1,475,0.475,1,0.0,,1,0.0,,0.0,,1,0.0,
male,1.0,1,476,0.476,1,0.0,,1,0.0,,0.0,,1,0.0,
male,1.0,0,477,0.477,1,1.0,,1,1.0,,1.0,,1,1.0,
female,1.0,0,478,0.478,1,1.0,,1,1.0,,1.0,,1,1.0,
male,1.0,0,479,0.479,1,1.0,,1,1.0,,1.0,,1,1.0,
male,1.0,0,480,0.48,1,1.0,,1,1.0,,1.0,,1,1.0,
male,1.0,1,481,0.481,1,0.0,,1,0.0,,0.0,,1,0.0,
male,1.0,1,482,0.482,1,0.0,,1,0.0,,0.0,,1,0.0,
male,1.0,1,483,0.483,1,0.0,,1,0.0,,0.0,,1,0.0,
male,1.0,0,484,0.484,1,1.0,,1,1.0,,1.0,,1,1.0,
male,1.0,1,485,0.485,1,0.0,,1,0.0,,0.0,,1,0.0,
male,1.0,0,486,0.486,1,1.0,,1,1.0,,1.0,,1,1.0,
male,1.0,1,487,0.487,1,0.0,,1,0.0,,0.0,,1,0.0,
female,1.0,1,488,0.488,1,0.0,,1,0.0,,0.0,,1,0.0,
female,1.0,1,489,0.489,1,0.0,,1,0.0,,0.0,,1,0.0,
female,1.0,1,490,0.49,1,0.0,,1,0.0,,0.0,,1,0.0,
female,1.0,1,491,0.491,1,0.0,,1,0.0,,0.0,,1,0.0,
male,1.0,0,492,0.492,1,1.0,,1,1.0,,1.0,,1,1.0,
female,1.0,1,493,0.493,1,0.0,,1,0.0,,0.0,,1,0.0,
male,1.0,0,494,0.494,1,1.0,,1,1.0,,1.0,,1,1.0,
male,1.0,0,495,0.495,1,1.0,,1,1.0,,1.0,,1,1.0,
female,1.0,0,496,0.496,1,1.0,,1,1.0,,1.0,,1,1.0,
male,1.0,1,497,0.497,1,0.0,,1,0.0,,0.0,,1,0.0,
male,1.0,0,498,0.498,1,1.0,,1,1.0,,1.0,,1,1.0,
female,1.0,0,499,0.499,1,1.0,,1,1.0,,1.0,,1,1.0,
male,1.0,0,500,0.5,1,1.0,,1,1.0,,1.0,,1,1.0,
male,1.0,0,501,0.501,1,1.0,,1,1.0,,1.0,,1,1.0,
male,1.0,1,502,0.502,1,0.0,,1,0.0,,0.0,,1,0.0,
male,1.0,0,503,0.503,1,1.0,,1,1.0,,1.0,,1,1.0,
male,1.0,0,504,0.504,1,1.0,,1,1.0,,1.0,,1,1.0,
male,1.0,0,505,0.505,1,1.0,,1,1.0,,1.0,,1,1.0,
male,1.0,0,506,0.506,1,1.0,,1,1.0,,1.0,,1,1.0,
male,1.0,1,507,0.507,1,0.0,,1,0.0,,0.0,,1,0.0,
female,1.0,0,508,0.508,1,1.0,,1,1.0,,1.0,,1,1.0,
male,1.0,0,509,0.509,1,1.0,,1,1.0,,1.0,,1,1.0,
female,1.0,1,510,0.51,1,0.0,,1,0.0,,0.0,,1,0.0,
male,1.0,1,511,0.511,1,0.0,,1,0.0,,0.0,,1,0.0,
female,1.0,1,512,0.512,1,0.0,,1,0.0,,0.0,,1,0.0,
female,1.0,0,513,0.513,1,1.0,,1,1.0,,1.0,,1,1.0,
male,1.0,1,514,0.514,1,0.0,,1,0.0,,0.0,,1,0.0,
male,1.0,1,515,0.515,1,0.0,,1,0.0,,0.0,,1,0.0,
male,1.0,0,516,0.516,1,1.0,,1,1.0,,1.0,,1,1.0,
male,1.0,0,517,0.517,1,1.0,,1,1.0,,1.0,,1,1.0,
male,1.0,1,518,0.518,1,0.0,,1,0.0,,0.0,,1,0.0,
female,1.0,1,519,0.519,1,0.0,,1,0.0,,0.0,,1,0.0,
female,1.0,0,520,0.52,1,1.0,,1,1.0,,1.0,,1,1.0,
male,1.0,0,521,0.521,1,1.0,,1,1.0,,1.0,,1,1.0,
male,1.0,1,522,0.522,1,0.0,,1,0.0,,0.0,,1,0.0,
male,1.0,0,523,0.523,1,1.0,,1,1.0,,1.0,,1,1.0,
male,1.0,0,524,0.524,1,1.0,,1,1.0,,1.0,,1,1.0,
female,1.0,0,525,0.525,1,1.0,,1,1.0,,1.0,,1,1.0,
female,1.0,0,526,0.526,1,1.0,,1,1.0,,1.0,,1,1.0,
female,1.0,0,527,0.527,1,1.0,,1,1.0,,1.0,,1,1.0,
female,1.0,1,528,0.528,1,0.0,,1,0.0,,0.0,,1,0.0,
male,1.0,0,529,0.529,1,1.0,,1,1.0,,1.0,,1,1.0,
female,1.0,0,530,0.53,1,1.0,,1,1.0,,1.0,,1,1.0,
male,1.0,0,531,0.531,1,1.0,,1,1.0,,1.0,,1,1.0,
male,1.0,0,532,0.532,1,1.0,,1,1.0,,1.0,,1,1.0,
female,1.0,1,533,0.533,1,0.0,,1,0.0,,0.0,,1,0.0,
female,1.0,0,534,0.534,1,1.0,,1,1.0,,1.0,,1,1.0,
male,1.0,0,535,0.535,1,1.0,,1,1.0,,1.0,,1,1.0,
female,1.0,1,536,0.536,1,0.0,,1,0.0,,0.0,,1,0.0,
female,1.0,0,537,0.537,1,1.0,,1,1.0,,1.0,,1,1.0,
female,1.0,0,538,0.538,1,1.0,,1,1.0,,1.0,,1,1.0,
male,1.0,0,539,0.539,1,1.0,,1,1.0,,1.0,,1,1.0,
male,1.0,1,540,0.54,1,0.0,,1,0.0,,0.0,,1,0.0,
male,1.0,0,541,0.541,1,1.0,,1,1.0,,1.0,,1,1.0,
male,1.0,1,542,0.542,1,0.0,,1,0.0,,0.0,,1,0.0,
female,1.0,1,543,0.543,1,0.0,,1,0.0,,0.0,,1,0.0,
male,1.0,0,544,0.544,1,1.0,,1,1.0,,1.0,,1,1.0,
male,1.0,1,545,0.545,1,0.0,,1,0.0,,0.0,,1,0.0,
female,1.0,0,546,0.546,1,1.0,,1,1.0,,1.0,,1,1.0,
female,1.0,0,547,0.547,1,1.0,,1,1.0,,1.0,,1,1.0,
male,1.0,0,548,0.548,1,1.0,,1,1.0,,1.0,,1,1.0,
male,1.0,1,549,0.549,1,0.0,,1,0.0,,0.0,,1,0.0,
male,1.0,0,550,0.55,1,1.0,,1,1.0,,1.0,,1,1.0,
female,1.0,0,551,0.551,1,1.0,,1,1.0,,1.0,,1,1.0,
male,1.0,0,552,0.552,1,1.0,,1,1.0,,1.0,,1,1.0,
female,1.0,1,553,0.553,1,0.0,,1,0.0,,0.0,,1,0.0,
male,1.0,0,554,0.554,1,1.0,,1,1.0,,1.0,,1,1.0,
female,1.0,0,555,0.555,1,1.0,,1,1.0,,1.0,,1,1.0,
male,1.0,1,556,0.556,1,0.0,,1,0.0,,0.0,,1,0.0,
female,1.0,0,557,0.557,1,1.0,,1,1.0,,1.0,,1,1.0,
male,1.0,0,558,0.558,1,1.0,,1,1.0,,1.0,,1,1.0,
male,1.0,0,559,0.559,1,1.0,,1,1.0,,1.0,,1,1.0,
female,1.0,1,560,0.56,1,0.0,,1,0.0,,0.0,,1,0.0,
male,1.0,1,561,0.561,1,0.0,,1,0.0,,0.0,,1,0.0,
male,1.0,0,562,0.562,1,1.0,,1,1.0,,1.0,,1,1.0,
male,1.0,1,563,0.563,1,0.0,,1,0.0,,0.0,,1,0.0,
male,1.0,0,564,0.564,1,1.0,,1,1.0,,1.0,,1,1.0,
male,1.0,1,565,0.565,1,0.0,,1,0.0,,0.0,,1,0.0,
male,1.0,0,566,0.566,1,1.0,,1,1.0,,1.0,,1,1.0,
female,1.0,0,567,0.567,1,1.0,,1,1.0,,1.0,,1,1.0,
female,1.0,0,568,0.568,1,1.0,,1,1.0,,1.0,,1,1.0,
male,1.0,0,569,0.569,1,1.0,,1,1.0,,1.0,,1,1.0,
female,1.0,0,570,0.57,1,1.0,,1,1.0,,1.0,,1,1.0,
male,1.0,0,571,0.571,1,1.0,,1,1.0,,1.0,,1,1.0,
male,1.0,0,572,0.572,1,1.0,,1,1.0,,1.0,,1,1.0,
female,1.0,0,573,0.573,1,1.0,,1,1.0,,1.0,,1,1.0,
female,1.0,1,574,0.574,1,0.0,,1,0.0,,0.0,,1,0.0,
female,1.0,0,575,0.575,1,1.0,,1,1.0,,1.0,,1,1.0,
male,1.0,0,576,0.576,1,1.0,,1,1.0,,1.0,,1,1.0,
male,1.0,0,577,0.577,1,1.0,,1,1.0,,1.0,,1,1.0,
male,1.0,0,578,0.578,1,1.0,,1,1.0,,1.0,,1,1.0,
female,1.0,1,579,0.579,1,0.0,,1,0.0,,0.0,,1,0.0,
male,1.0,0,580,0.58,1,1.0,,1,1.0,,1.0,,1,1.0,
male,1.0,0,581,0.581,1,1.0,,1,1.0,,1.0,,1,1.0,
male,1.0,1,582,0.582,1,0.0,,1,0.0,,0.0,,1,0.0,
female,0.0,0,583,0.583,0,,0.0,0,,0.0,,0.0,0,,0.0
male,0.0,0,584,0.584,0,,0.0,0,,0.0,,0.0,0,,0.0
male,0.0,0,585,0.585,0,,0.0,0,,0.0,,0.0,0,,0.0
female,0.0,0,586,0.586,0,,0.0,0,,0.0,,0.0,0,,0.0
male,0.0,0,587,0.587,0,,0.0,0,,0.0,,0.0,0,,0.0
male,0.0,0,588,0.588,0,,0.0,0,,0.0,,0.0,0,,0.0
male,0.0,0,589,0.589,0,,0.0,0,,0.0,,0.0,0,,0.0
male,0.0,0,590,0.59,0,,0.0,0,,0.0,,0.0,0,,0.0
male,0.0,1,591,0.591,0,,1.0,0,,1.0,,1.0,0,,1.0
male,0.0,1,592,0.592,0,,1.0,0,,1.0,,1.0,0,,1.0
male,0.0,0,593,0.593,0,,0.0,0,,0.0,,0.0,0,,0.0
male,0.0,0,594,0.594,0,,0.0,0,,0.0,,0.0,0,,0.0
male,0.0,1,595,0.595,0,,1.0,0,,1.0,,1.0,0,,1.0
female,0.0,0,596,0.596,0,,0.0,0,,0.0,,0.0,0,,0.0
male,0.0,0,597,0.597,0,,0.0,0,,0.0,,0.0,0,,0.0
male,0.0,0,598,0.598,0,,0.0,0,,0.0,,0.0,0,,0.0
male,0.0,0,599,0.599,0,,0.0,0,,0.0,,0.0,0,,0.0
male,0.0,0,600,0.6,0,,0.0,0,,0.0,,0.0,0,,0.0
male,0.0,0,601,0.601,0,,0.0,0,,0.0,,0.0,0,,0.0
male,0.0,0,602,0.602,0,,0.0,0,,0.0,,0.0,0,,0.0
male,0.0,0,603,0.603,0,,0.0,0,,0.0,,0.0,0,,0.0
male,0.0,0,604,0.604,0,,0.0,0,,0.0,,0.0,0,,0.0
male,0.0,0,605,0.605,0,,0.0,0,,0.0,,0.0,0,,0.0
male,0.0,0,606,0.606,0,,0.0,0,,0.0,,0.0,0,,0.0
male,0.0,0,607,0.607,0,,0.0,0,,0.0,,0.0,0,,0.0
male,0.0,0,608,0.608,0,,0.0,0,,0.0,,0.0,0,,0.0
male,0.0,1,609,0.609,0,,1.0,0,,1.0,,1.0,0,,1.0
male,0.0,0,610,0.61,0,,0.0,0,,0.0,,0.0,0,,0.0
male,0.0,0,611,0.611,0,,0.0,0,,0.0,,0.0,0,,0.0
female,0.0,0,612,0.612,0,,0.0,0,,0.0,,0.0,0,,0.0
male,0.0,0,613,0.613,0,,0.0,0,,0.0,,0.0,0,,0.0
male,0.0,0,614,0.614,0,,0.0,0,,0.0,,0.0,0,,0.0
male,0.0,0,615,0.615,0,,0.0,0,,0.0,,0.0,0,,0.0
male,0.0,0,616,0.616,0,,0.0,0,,0.0,,0.0,0,,0.0
female,0.0,0,617,0.617,0,,0.0,0,,0.0,,0.0,0,,0.0
female,0.0,0,618,0.618,0,,0.0,0,,0.0,,0.0,0,,0.0
male,0.0,0,619,0.619,0,,0.0,0,,0.0,,0.0,0,,0.0
male,0.0,0,620,0.62,0,,0.0,0,,0.0,,0.0,0,,0.0
male,0.0,0,621,0.621,0,,0.0,0,,0.0,,0.0,0,,0.0
male,0.0,0,622,0.622,0,,0.0,0,,0.0,,0.0,0,,0.0
male,0.0,0,623,0.623,0,,0.0,0,,0.0,,0.0,0,,0.0
male,0.0,0,624,0.624,0,,0.0,0,,0.0,,0.0,0,,0.0
female,0.0,0,625,0.625,0,,0.0,0,,0.0,,0.0,0,,0.0
male,0.0,0,626,0.626,0,,0.0,0,,0.0,,0.0,0,,0.0
male,0.0,1,627,0.627,0,,1.0,0,,1.0,,1.0,0,,1.0
male,0.0,0,628,0.628,0,,0.0,0,,0.0,,0.0,0,,0.0
male,0.0,0,629,0.629,0,,0.0,0,,0.0,,0.0,0,,0.0
male,0.0,0,630,0.63,0,,0.0,0,,0.0,,0.0,0,,0.0
male,0.0,0,631,0.631,0,,0.0,0,,0.0,,0.0,0,,0.0
female,0.0,1,632,0.632,0,,1.0,0,,1.0,,1.0,0,,1.0
male,0.0,0,633,0.633,0,,0.0,0,,0.0,,0.0,0,,0.0
male,0.0,0,634,0.634,0,,0.0,0,,0.0,,0.0,0,,0.0
male,0.0,0,635,0.635,0,,0.0,0,,0.0,,0.0,0,,0.0
male,0.0,1,636,0.636,0,,1.0,0,,1.0,,1.0,0,,1.0
male,0.0,1,637,0.637,0,,1.0,0,,1.0,,1.0,0,,1.0
male,0.0,0,638,0.638,0,,0.0,0,,0.0,,0.0,0,,0.0
male,0.0,0,639,0.639,0,,0.0,0,,0.0,,0.0,0,,0.0
male,0.0,0,640,0.64,0,,0.0,0,,0.0,,0.0,0,,0.0
male,0.0,0,641,0.641,0,,0.0,0,,0.0,,0.0,0,,0.0
male,0.0,0,642,0.642,0,,0.0,0,,0.0,,0.0,0,,0.0
male,0.0,0,643,0.643,0,,0.0,0,,0.0,,0.0,0,,0.0
male,0.0,0,644,0.644,0,,0.0,0,,0.0,,0.0,0,,0.0
male,0.0,1,645,0.645,0,,1.0,0,,1.0,,1.0,0,,1.0
male,0.0,0,646,0.646,0,,0.0,0,,0.0,,0.0,0,,0.0
male,0.0,0,647,0.647,0,,0.0,0,,0.0,,0.0,0,,0.0
male,0.0,0,648,0.648,0,,0.0,0,,0.0,,0.0,0,,0.0
male,0.0,0,649,0.649,0,,0.0,0,,0.0,,0.0,0,,0.0
female,0.0,0,650,0.65,0,,0.0,0,,0.0,,0.0,0,,0.0
male,0.0,0,651,0.651,0,,0.0,0,,0.0,,0.0,0,,0.0
male,0.0,0,652,0.652,0,,0.0,0,,0.0,,0.0,0,,0.0
female,0.0,0,653,0.653,0,,0.0,0,,0.0,,0.0,0,,0.0
male,0.0,0,654,0.654,0,,0.0,0,,0.0,,0.0,0,,0.0
female,0.0,0,655,0.655,0,,0.0,0,,0.0,,0.0,0,,0.0
male,0.0,0,656,0.656,0,,0.0,0,,0.0,,0.0,0,,0.0
male,0.0,0,657,0.657,0,,0.0,0,,0.0,,0.0,0,,0.0
male,0.0,0,658,0.658,0,,0.0,0,,0.0,,0.0,0,,0.0
male,0.0,0,659,0.659,0,,0.0,0,,0.0,,0.0,0,,0.0
male,0.0,0,660,0.66,0,,0.0,0,,0.0,,0.0,0,,0.0
male,0.0,0,661,0.661,0,,0.0,0,,0.0,,0.0,0,,0.0
male,0.0,0,662,0.662,0,,0.0,0,,0.0,,0.0,0,,0.0
male,0.0,0,663,0.663,0,,0.0,0,,0.0,,0.0,0,,0.0
male,0.0,0,664,0.664,0,,0.0,0,,0.0,,0.0,0,,0.0
male,0.0,0,665,0.665,0,,0.0,0,,0.0,,0.0,0,,0.0
female,0.0,0,666,0.666,0,,0.0,0,,0.0,,0.0,0,,0.0
male,0.0,0,667,0.667,0,,0.0,0,,0.0,,0.0,0,,0.0
male,0.0,0,668,0.668,0,,0.0,0,,0.0,,0.0,0,,0.0
male,0.0,0,669,0.669,0,,0.0,0,,0.0,,0.0,0,,0.0
male,0.0,0,670,0.67,0,,0.0,0,,0.0,,0.0,0,,0.0
male,0.0,0,671,0.671,0,,0.0,0,,0.0,,0.0,0,,0.0
female,0.0,0,672,0.672,0,,0.0,0,,0.0,,0.0,0,,0.0
male,0.0,0,673,0.673,0,,0.0,0,,0.0,,0.0,0,,0.0
male,0.0,0,674,0.674,0,,0.0,0,,0.0,,0.0,0,,0.0
male,0.0,1,675,0.675,0,,1.0,0,,1.0,,1.0,0,,1.0
female,0.0,0,676,0.676,0,,0.0,0,,0.0,,0.0,0,,0.0
male,0.0,0,677,0.677,0,,0.0,0,,0.0,,0.0,0,,0.0
female,0.0,0,678,0.678,0,,0.0,0,,0.0,,0.0,0,,0.0
female,0.0,0,679,0.679,0,,0.0,0,,0.0,,0.0,0,,0.0
male,0.0,0,680,0.68,0,,0.0,0,,0.0,,0.0,0,,0.0
male,0.0,0,681,0.681,0,,0.0,0,,0.0,,0.0,0,,0.0
male,0.0,0,682,0.682,0,,0.0,0,,0.0,,0.0,0,,0.0
female,0.0,0,683,0.683,0,,0.0,0,,0.0,,0.0,0,,0.0
male,0.0,0,684,0.684,0,,0.0,0,,0.0,,0.0,0,,0.0
male,0.0,0,685,0.685,0,,0.0,0,,0.0,,0.0,0,,0.0
male,0.0,1,686,0.686,0,,1.0,0,,1.0,,1.0,0,,1.0
male,0.0,0,687,0.687,0,,0.0,0,,0.0,,0.0,0,,0.0
male,0.0,0,688,0.688,0,,0.0,0,,0.0,,0.0,0,,0.0
male,0.0,0,689,0.689,0,,0.0,0,,0.0,,0.0,0,,0.0
female,0.0,0,690,0.69,0,,0.0,0,,0.0,,0.0,0,,0.0
female,0.0,0,691,0.691,0,,0.0,0,,0.0,,0.0,0,,0.0
male,0.0,0,692,0.692,0,,0.0,0,,0.0,,0.0,0,,0.0
male,0.0,0,693,0.693,0,,0.0,0,,0.0,,0.0,0,,0.0
male,0.0,0,694,0.694,0,,0.0,0,,0.0,,0.0,0,,0.0
male,0.0,0,695,0.695,0,,0.0,0,,0.0,,0.0,0,,0.0
male,0.0,1,696,0.696,0,,1.0,0,,1.0,,1.0,0,,1.0
male,0.0,0,697,0.697,0,,0.0,0,,0.0,,0.0,0,,0.0
male,0.0,0,698,0.698,0,,0.0,0,,0.0,,0.0,0,,0.0
male,0.0,0,699,0.699,0,,0.0,0,,0.0,,0.0,0,,0.0
female,0.0,0,700,0.7,0,,0.0,0,,0.0,,0.0,0,,0.0
male,0.0,0,701,0.701,0,,0.0,0,,0.0,,0.0,0,,0.0
male,0.0,0,702,0.702,0,,0.0,0,,0.0,,0.0,0,,0.0
female,0.0,1,703,0.703,0,,1.0,0,,1.0,,1.0,0,,1.0
male,0.0,0,704,0.704,0,,0.0,0,,0.0,,0.0,0,,0.0
male,0.0,0,705,0.705,0,,0.0,0,,0.0,,0.0,0,,0.0
male,0.0,1,706,0.706,0,,1.0,0,,1.0,,1.0,0,,1.0
male,0.0,1,707,0.707,0,,1.0,0,,1.0,,1.0,0,,1.0
male,0.0,0,708,0.708,0,,0.0,0,,0.0,,0.0,0,,0.0
male,0.0,0,709,0.709,0,,0.0,0,,0.0,,0.0,0,,0.0
male,0.0,1,710,0.71,0,,1.0,0,,1.0,,1.0,0,,1.0
male,0.0,0,711,0.711,0,,0.0,0,,0.0,,0.0,0,,0.0
male,0.0,0,712,0.712,0,,0.0,0,,0.0,,0.0,0,,0.0
male,0.0,0,713,0.713,0,,0.0,0,,0.0,,0.0,0,,0.0
male,0.0,0,714,0.714,0,,0.0,0,,0.0,,0.0,0,,0.0
male,0.0,0,715,0.715,0,,0.0,0,,0.0,,0.0,0,,0.0
female,0.0,0,716,0.716,0,,0.0,0,,0.0,,0.0,0,,0.0
female,0.0,0,717,0.717,0,,0.0,0,,0.0,,0.0,0,,0.0
female,0.0,0,718,0.718,0,,0.0,0,,0.0,,0.0,0,,0.0
male,0.0,0,719,0.719,0,,0.0,0,,0.0,,0.0,0,,0.0
male,0.0,1,720,0.72,0,,1.0,0,,1.0,,1.0,0,,1.0
male,0.0,0,721,0.721,0,,0.0,0,,0.0,,0.0,0,,0.0
male,0.0,0,722,0.722,0,,0.0,0,,0.0,,0.0,0,,0.0
male,0.0,0,723,0.723,0,,0.0,0,,0.0,,0.0,0,,0.0
male,0.0,0,724,0.724,0,,0.0,0,,0.0,,0.0,0,,0.0
male,0.0,0,725,0.725,0,,0.0,0,,0.0,,0.0,0,,0.0
male,0.0,0,726,0.726,0,,0.0,0,,0.0,,0.0,0,,0.0
male,0.0,0,727,0.727,0,,0.0,0,,0.0,,0.0,0,,0.0
female,0.0,0,728,0.728,0,,0.0,0,,0.0,,0.0,0,,0.0
female,0.0,0,729,0.729,0,,0.0,0,,0.0,,0.0,0,,0.0
male,0.0,0,730,0.73,0,,0.0,0,,0.0,,0.0,0,,0.0
male,0.0,0,731,0.731,0,,0.0,0,,0.0,,0.0,0,,0.0
male,0.0,0,732,0.732,0,,0.0,0,,0.0,,0.0,0,,0.0
male,0.0,0,733,0.733,0,,0.0,0,,0.0,,0.0,0,,0.0
male,0.0,0,734,0.734,0,,0.0,0,,0.0,,0.0,0,,0.0
female,0.0,0,735,0.735,0,,0.0,0,,0.0,,0.0,0,,0.0
male,0.0,0,736,0.736,0,,0.0,0,,0.0,,0.0,0,,0.0
female,0.0,0,737,0.737,0,,0.0,0,,0.0,,0.0,0,,0.0
female,0.0,0,738,0.738,0,,0.0,0,,0.0,,0.0,0,,0.0
female,0.0,0,739,0.739,0,,0.0,0,,0.0,,0.0,0,,0.0
male,0.0,0,740,0.74,0,,0.0,0,,0.0,,0.0,0,,0.0
male,0.0,0,741,0.741,0,,0.0,0,,0.0,,0.0,0,,0.0
male,0.0,0,742,0.742,0,,0.0,0,,0.0,,0.0,0,,0.0
male,0.0,0,743,0.743,0,,0.0,0,,0.0,,0.0,0,,0.0
male,0.0,0,744,0.744,0,,0.0,0,,0.0,,0.0,0,,0.0
male,0.0,0,745,0.745,0,,0.0,0,,0.0,,0.0,0,,0.0
female,0.0,0,746,0.746,0,,0.0,0,,0.0,,0.0,0,,0.0
male,0.0,0,747,0.747,0,,0.0,0,,0.0,,0.0,0,,0.0
female,0.0,0,748,0.748,0,,0.0,0,,0.0,,0.0,0,,0.0
male,0.0,0,749,0.749,0,,0.0,0,,0.0,,0.0,0,,0.0
male,0.0,0,750,0.75,0,,0.0,0,,0.0,,0.0,0,,0.0
male,0.0,0,751,0.751,0,,0.0,0,,0.0,,0.0,0,,0.0
male,0.0,0,752,0.752,0,,0.0,0,,0.0,,0.0,0,,0.0
male,0.0,0,753,0.753,0,,0.0,0,,0.0,,0.0,0,,0.0
male,0.0,0,754,0.754,0,,0.0,0,,0.0,,0.0,0,,0.0
male,0.0,0,755,0.755,0,,0.0,0,,0.0,,0.0,0,,0.0
male,0.0,0,756,0.756,0,,0.0,0,,0.0,,0.0,0,,0.0
male,0.0,0,757,0.757,0,,0.0,0,,0.0,,0.0,0,,0.0
male,0.0,0,758,0.758,0,,0.0,0,,0.0,,0.0,0,,0.0
male,0.0,1,759,0.759,0,,1.0,0,,1.0,,1.0,0,,1.0
male,0.0,0,760,0.76,0,,0.0,0,,0.0,,0.0,0,,0.0
male,0.0,0,761,0.761,0,,0.0,0,,0.0,,0.0,0,,0.0
male,0.0,0,762,0.762,0,,0.0,0,,0.0,,0.0,0,,0.0
male,0.0,0,763,0.763,0,,0.0,0,,0.0,,0.0,0,,0.0
male,0.0,0,764,0.764,0,,0.0,0,,0.0,,0.0,0,,0.0
female,0.0,0,765,0.765,0,,0.0,0,,0.0,,0.0,0,,0.0
male,0.0,0,766,0.766,0,,0.0,0,,0.0,,0.0,0,,0.0
male,0.0,1,767,0.767,0,,1.0,0,,1.0,,1.0,0,,1.0
male,0.0,0,768,0.768,0,,0.0,0,,0.0,,0.0,0,,0.0
female,0.0,0,769,0.769,0,,0.0,0,,0.0,,0.0,0,,0.0
male,0.0,0,770,0.77,0,,0.0,0,,0.0,,0.0,0,,0.0
male,0.0,1,771,0.771,0,,1.0,0,,1.0,,1.0,0,,1.0
male,0.0,0,772,0.772,0,,0.0,0,,0.0,,0.0,0,,0.0
female,0.0,0,773,0.773,0,,0.0,0,,0.0,,0.0,0,,0.0
male,0.0,0,774,0.774,0,,0.0,0,,0.0,,0.0,0,,0.0
male,0.0,0,775,0.775,0,,0.0,0,,0.0,,0.0,0,,0.0
male,0.0,0,776,0.776,0,,0.0,0,,0.0,,0.0,0,,0.0
female,0.0,0,777,0.777,0,,0.0,0,,0.0,,0.0,0,,0.0
male,0.0,1,778,0.778,0,,1.0,0,,1.0,,1.0,0,,1.0
male,0.0,0,779,0.779,0,,0.0,0,,0.0,,0.0,0,,0.0
male,0.0,0,780,0.78,0,,0.0,0,,0.0,,0.0,0,,0.0
male,0.0,0,781,0.781,0,,0.0,0,,0.0,,0.0,0,,0.0
male,0.0,0,782,0.782,0,,0.0,0,,0.0,,0.0,0,,0.0
male,0.0,0,783,0.783,0,,0.0,0,,0.0,,0.0,0,,0.0
female,0.0,1,784,0.784,0,,1.0,0,,1.0,,1.0,0,,1.0
male,0.0,0,785,0.785,0,,0.0,0,,0.0,,0.0,0,,0.0
female,0.0,0,786,0.786,0,,0.0,0,,0.0,,0.0,0,,0.0
female,0.0,0,787,0.787,0,,0.0,0,,0.0,,0.0,0,,0.0
male,0.0,0,788,0.788,0,,0.0,0,,0.0,,0.0,0,,0.0
female,0.0,0,789,0.789,0,,0.0,0,,0.0,,0.0,0,,0.0
male,0.0,0,790,0.79,0,,0.0,0,,0.0,,0.0,0,,0.0
female,0.0,0,791,0.791,0,,0.0,0,,0.0,,0.0,0,,0.0
male,0.0,0,792,0.792,0,,0.0,0,,0.0,,0.0,0,,0.0
male,0.0,0,793,0.793,0,,0.0,0,,0.0,,0.0,0,,0.0
male,0.0,1,794,0.794,0,,1.0,0,,1.0,,1.0,0,,1.0
male,0.0,0,795,0.795,0,,0.0,0,,0.0,,0.0,0,,0.0
female,0.0,0,796,0.796,0,,0.0,0,,0.0,,0.0,0,,0.0
female,0.0,0,797,0.797,0,,0.0,0,,0.0,,0.0,0,,0.0
male,0.0,0,798,0.798,0,,0.0,0,,0.0,,0.0,0,,0.0
male,0.0,0,799,0.799,0,,0.0,0,,0.0,,0.0,0,,0.0
male,0.0,0,800,0.8,0,,0.0,0,,0.0,,0.0,0,,0.0
male,0.0,0,801,0.801,0,,0.0,0,,0.0,,0.0,0,,0.0
male,0.0,0,802,0.802,0,,0.0,0,,0.0,,0.0,0,,0.0
male,0.0,0,803,0.803,0,,0.0,0,,0.0,,0.0,0,,0.0
female,0.0,0,804,0.804,0,,0.0,0,,0.0,,0.0,0,,0.0
male,0.0,0,805,0.805,0,,0.0,0,,0.0,,0.0,0,,0.0
female,0.0,0,806,0.806,0,,0.0,0,,0.0,,0.0,0,,0.0
male,0.0,0,807,0.807,0,,0.0,0,,0.0,,0.0,0,,0.0
female,0.0,0,808,0.808,0,,0.0,0,,0.0,,0.0,0,,0.0
male,0.0,0,809,0.809,0,,0.0,0,,0.0,,0.0,0,,0.0
male,0.0,0,810,0.81,0,,0.0,0,,0.0,,0.0,0,,0.0
male,0.0,0,811,0.811,0,,0.0,0,,0.0,,0.0,0,,0.0
male,0.0,0,812,0.812,0,,0.0,0,,0.0,,0.0,0,,0.0
male,0.0,0,813,0.813,0,,0.0,0,,0.0,,0.0,0,,0.0
female,0.0,0,814,0.814,0,,0.0,0,,0.0,,0.0,0,,0.0
female,0.0,0,815,0.815,0,,0.0,0,,0.0,,0.0,0,,0.0
male,0.0,0,816,0.816,0,,0.0,0,,0.0,,0.0,0,,0.0
male,0.0,0,817,0.817,0,,0.0,0,,0.0,,0.0,0,,0.0
male,0.0,0,818,0.818,0,,0.0,0,,0.0,,0.0,0,,0.0
male,0.0,0,819,0.819,0,,0.0,0,,0.0,,0.0,0,,0.0
male,0.0,1,820,0.82,0,,1.0,0,,1.0,,1.0,0,,1.0
male,0.0,0,821,0.821,0,,0.0,0,,0.0,,0.0,0,,0.0
female,0.0,0,822,0.822,0,,0.0,0,,0.0,,0.0,0,,0.0
female,0.0,0,823,0.823,0,,0.0,0,,0.0,,0.0,0,,0.0
male,0.0,0,824,0.824,0,,0.0,0,,0.0,,0.0,0,,0.0
male,0.0,0,825,0.825,0,,0.0,0,,0.0,,0.0,0,,0.0
male,0.0,0,826,0.826,0,,0.0,0,,0.0,,0.0,0,,0.0
female,0.0,0,827,0.827,0,,0.0,0,,0.0,,0.0,0,,0.0
male,0.0,0,828,0.828,0,,0.0,0,,0.0,,0.0,0,,0.0
female,0.0,0,829,0.829,0,,0.0,0,,0.0,,0.0,0,,0.0
male,0.0,0,830,0.83,0,,0.0,0,,0.0,,0.0,0,,0.0
male,0.0,0,831,0.831,0,,0.0,0,,0.0,,0.0,0,,0.0
male,0.0,0,832,0.832,0,,0.0,0,,0.0,,0.0,0,,0.0
male,0.0,0,833,0.833,0,,0.0,0,,0.0,,0.0,0,,0.0
female,0.0,0,834,0.834,0,,0.0,0,,0.0,,0.0,0,,0.0
male,0.0,0,835,0.835,0,,0.0,0,,0.0,,0.0,0,,0.0
male,0.0,0,836,0.836,0,,0.0,0,,0.0,,0.0,0,,0.0
male,0.0,0,837,0.837,0,,0.0,0,,0.0,,0.0,0,,0.0
male,0.0,1,838,0.838,0,,1.0,0,,1.0,,1.0,0,,1.0
male,0.0,0,839,0.839,0,,0.0,0,,0.0,,0.0,0,,0.0
male,0.0,0,840,0.84,0,,0.0,0,,0.0,,0.0,0,,0.0
male,0.0,0,841,0.841,0,,0.0,0,,0.0,,0.0,0,,0.0
male,0.0,0,842,0.842,0,,0.0,0,,0.0,,0.0,0,,0.0
male,0.0,0,843,0.843,0,,0.0,0,,0.0,,0.0,0,,0.0
male,0.0,1,844,0.844,0,,1.0,0,,1.0,,1.0,0,,1.0
male,0.0,0,845,0.845,0,,0.0,0,,0.0,,0.0,0,,0.0
female,0.0,0,846,0.846,0,,0.0,0,,0.0,,0.0,0,,0.0
male,0.0,0,847,0.847,0,,0.0,0,,0.0,,0.0,0,,0.0
male,0.0,0,848,0.848,0,,0.0,0,,0.0,,0.0,0,,0.0
male,0.0,0,849,0.849,0,,0.0,0,,0.0,,0.0,0,,0.0
male,0.0,0,850,0.85,0,,0.0,0,,0.0,,0.0,0,,0.0
male,0.0,0,851,0.851,0,,0.0,0,,0.0,,0.0,0,,0.0
male,0.0,0,852,0.852,0,,0.0,0,,0.0,,0.0,0,,0.0
male,0.0,0,853,0.853,0,,0.0,0,,0.0,,0.0,0,,0.0
male,0.0,0,854,0.854,0,,0.0,0,,0.0,,0.0,0,,0.0
female,0.0,0,855,0.855,0,,0.0,0,,0.0,,0.0,0,,0.0
male,0.0,0,856,0.856,0,,0.0,0,,0.0,,0.0,0,,0.0
male,0.0,1,857,0.857,0,,1.0,0,,1.0,,1.0,0,,1.0
female,0.0,0,858,0.858,0,,0.0,0,,0.0,,0.0,0,,0.0
male,0.0,0,859,0.859,0,,0.0,0,,0.0,,0.0,0,,0.0
female,0.0,0,860,0.86,0,,0.0,0,,0.0,,0.0,0,,0.0
male,0.0,1,861,0.861,0,,1.0,0,,1.0,,1.0,0,,1.0
male,0.0,0,862,0.862,0,,0.0,0,,0.0,,0.0,0,,0.0
female,0.0,0,863,0.863,0,,0.0,0,,0.0,,0.0,0,,0.0
female,0.0,0,864,0.864,0,,0.0,0,,0.0,,0.0,0,,0.0
male,0.0,0,865,0.865,0,,0.0,0,,0.0,,0.0,0,,0.0
male,0.0,1,866,0.866,0,,1.0,0,,1.0,,1.0,0,,1.0
male,0.0,0,867,0.867,0,,0.0,0,,0.0,,0.0,0,,0.0
male,0.0,0,868,0.868,0,,0.0,0,,0.0,,0.0,0,,0.0
female,0.0,0,869,0.869,0,,0.0,0,,0.0,,0.0,0,,0.0
male,0.0,0,870,0.87,0,,0.0,0,,0.0,,0.0,0,,0.0
male,0.0,0,871,0.871,0,,0.0,0,,0.0,,0.0,0,,0.0
male,0.0,0,872,0.872,0,,0.0,0,,0.0,,0.0,0,,0.0
male,0.0,0,873,0.873,0,,0.0,0,,0.0,,0.0,0,,0.0
male,0.0,0,874,0.874,0,,0.0,0,,0.0,,0.0,0,,0.0
male,0.0,0,875,0.875,0,,0.0,0,,0.0,,0.0,0,,0.0
female,0.0,1,876,0.876,0,,1.0,0,,1.0,,1.0,0,,1.0
male,0.0,0,877,0.877,0,,0.0,0,,0.0,,0.0,0,,0.0
female,0.0,0,878,0.878,0,,0.0,0,,0.0,,0.0,0,,0.0
male,0.0,0,879,0.879,0,,0.0,0,,0.0,,0.0,0,,0.0
male,0.0,0,880,0.88,0,,0.0,0,,0.0,,0.0,0,,0.0
female,0.0,0,881,0.881,0,,0.0,0,,0.0,,0.0,0,,0.0
male,0.0,0,882,0.882,0,,0.0,0,,0.0,,0.0,0,,0.0
male,0.0,0,883,0.883,0,,0.0,0,,0.0,,0.0,0,,0.0
male,0.0,0,884,0.884,0,,0.0,0,,0.0,,0.0,0,,0.0
male,0.0,0,885,0.885,0,,0.0,0,,0.0,,0.0,0,,0.0
male,0.0,0,886,0.886,0,,0.0,0,,0.0,,0.0,0,,0.0
male,0.0,0,887,0.887,0,,0.0,0,,0.0,,0.0,0,,0.0
female,0.0,0,888,0.888,0,,0.0,0,,0.0,,0.0,0,,0.0
male,0.0,0,889,0.889,0,,0.0,0,,0.0,,0.0,0,,0.0
male,0.0,0,890,0.89,0,,0.0,0,,0.0,,0.0,0,,0.0
male,0.0,0,891,0.891,0,,0.0,0,,0.0,,0.0,0,,0.0
female,0.0,0,892,0.892,0,,0.0,0,,0.0,,0.0,0,,0.0
female,0.0,1,893,0.893,0,,1.0,0,,1.0,,1.0,0,,1.0
male,0.0,0,894,0.894,0,,0.0,0,,0.0,,0.0,0,,0.0
male,0.0,0,895,0.895,0,,0.0,0,,0.0,,0.0,0,,0.0
female,0.0,1,896,0.896,0,,1.0,0,,1.0,,1.0,0,,1.0
male,0.0,1,897,0.897,0,,1.0,0,,1.0,,1.0,0,,1.0
male,0.0,0,898,0.898,0,,0.0,0,,0.0,,0.0,0,,0.0
male,0.0,0,899,0.899,0,,0.0,0,,0.0,,0.0,0,,0.0
male,0.0,0,900,0.9,0,,0.0,0,,0.0,,0.0,0,,0.0
male,0.0,0,901,0.901,0,,0.0,0,,0.0,,0.0,0,,0.0
male,0.0,0,902,0.902,0,,0.0,0,,0.0,,0.0,0,,0.0
male,0.0,0,903,0.903,0,,0.0,0,,0.0,,0.0,0,,0.0
male,0.0,1,904,0.904,0,,1.0,0,,1.0,,1.0,0,,1.0
male,0.0,0,905,0.905,0,,0.0,0,,0.0,,0.0,0,,0.0
male,0.0,0,906,0.906,0,,0.0,0,,0.0,,0.0,0,,0.0
female,0.0,1,907,0.907,0,,1.0,0,,1.0,,1.0,0,,1.0
male,0.0,0,908,0.908,0,,0.0,0,,0.0,,0.0,0,,0.0
female,0.0,0,909,0.909,0,,0.0,0,,0.0,,0.0,0,,0.0
male,0.0,0,910,0.91,0,,0.0,0,,0.0,,0.0,0,,0.0
male,0.0,0,911,0.911,0,,0.0,0,,0.0,,0.0,0,,0.0
male,0.0,1,912,0.912,0,,1.0,0,,1.0,,1.0,0,,1.0
male,0.0,0,913,0.913,0,,0.0,0,,0.0,,0.0,0,,0.0
male,0.0,0,914,0.914,0,,0.0,0,,0.0,,0.0,0,,0.0
male,0.0,0,915,0.915,0,,0.0,0,,0.0,,0.0,0,,0.0
male,0.0,0,916,0.916,0,,0.0,0,,0.0,,0.0,0,,0.0
male,0.0,0,917,0.917,0,,0.0,0,,0.0,,0.0,0,,0.0
female,0.0,0,918,0.918,0,,0.0,0,,0.0,,0.0,0,,0.0
female,0.0,0,919,0.919,0,,0.0,0,,0.0,,0.0,0,,0.0
female,0.0,0,920,0.92,0,,0.0,0,,0.0,,0.0,0,,0.0
female,0.0,0,921,0.921,0,,0.0,0,,0.0,,0.0,0,,0.0
male,0.0,0,922,0.922,0,,0.0,0,,0.0,,0.0,0,,0.0
male,0.0,0,923,0.923,0,,0.0,0,,0.0,,0.0,0,,0.0
female,0.0,0,924,0.924,0,,0.0,0,,0.0,,0.0,0,,0.0
male,0.0,0,925,0.925,0,,0.0,0,,0.0,,0.0,0,,0.0
female,0.0,0,926,0.926,0,,0.0,0,,0.0,,0.0,0,,0.0
male,0.0,0,927,0.927,0,,0.0,0,,0.0,,0.0,0,,0.0
male,0.0,1,928,0.928,0,,1.0,0,,1.0,,1.0,0,,1.0
male,0.0,0,929,0.929,0,,0.0,0,,0.0,,0.0,0,,0.0
male,0.0,0,930,0.93,0,,0.0,0,,0.0,,0.0,0,,0.0
male,0.0,0,931,0.931,0,,0.0,0,,0.0,,0.0,0,,0.0
male,0.0,0,932,0.932,0,,0.0,0,,0.0,,0.0,0,,0.0
male,0.0,0,933,0.933,0,,0.0,0,,0.0,,0.0,0,,0.0
male,0.0,0,934,0.934,0,,0.0,0,,0.0,,0.0,0,,0.0
male,0.0,0,935,0.935,0,,0.0,0,,0.0,,0.0,0,,0.0
male,0.0,0,936,0.936,0,,0.0,0,,0.0,,0.0,0,,0.0
male,0.0,0,937,0.937,0,,0.0,0,,0.0,,0.0,0,,0.0
male,0.0,0,938,0.938,0,,0.0,0,,0.0,,0.0,0,,0.0
male,0.0,0,939,0.939,0,,0.0,0,,0.0,,0.0,0,,0.0
male,0.0,0,940,0.94,0,,0.0,0,,0.0,,0.0,0,,0.0
male,0.0,0,941,0.941,0,,0.0,0,,0.0,,0.0,0,,0.0
male,0.0,0,942,0.942,0,,0.0,0,,0.0,,0.0,0,,0.0
male,0.0,0,943,0.943,0,,0.0,0,,0.0,,0.0,0,,0.0
male,0.0,0,944,0.944,0,,0.0,0,,0.0,,0.0,0,,0.0
male,0.0,0,945,0.945,0,,0.0,0,,0.0,,0.0,0,,0.0
male,0.0,1,946,0.946,0,,1.0,0,,1.0,,1.0,0,,1.0
male,0.0,1,947,0.947,0,,1.0,0,,1.0,,1.0,0,,1.0
female,0.0,0,948,0.948,0,,0.0,0,,0.0,,0.0,0,,0.0
female,0.0,0,949,0.949,0,,0.0,0,,0.0,,0.0,0,,0.0
male,0.0,1,950,0.95,0,,1.0,0,,1.0,,1.0,0,,1.0
male,0.0,0,951,0.951,0,,0.0,0,,0.0,,0.0,0,,0.0
male,0.0,0,952,0.952,0,,0.0,0,,0.0,,0.0,0,,0.0
male,0.0,0,953,0.953,0,,0.0,0,,0.0,,0.0,0,,0.0
female,0.0,0,954,0.954,0,,0.0,0,,0.0,,0.0,0,,0.0
male,0.0,0,955,0.955,0,,0.0,0,,0.0,,0.0,0,,0.0
male,0.0,0,956,0.956,0,,0.0,0,,0.0,,0.0,0,,0.0
female,0.0,0,957,0.957,0,,0.0,0,,0.0,,0.0,0,,0.0
female,0.0,0,958,0.958,0,,0.0,0,,0.0,,0.0,0,,0.0
female,0.0,0,959,0.959,0,,0.0,0,,0.0,,0.0,0,,0.0
male,0.0,0,960,0.96,0,,0.0,0,,0.0,,0.0,0,,0.0
male,0.0,0,961,0.961,0,,0.0,0,,0.0,,0.0,0,,0.0
male,0.0,0,962,0.962,0,,0.0,0,,0.0,,0.0,0,,0.0
female,0.0,0,963,0.963,0,,0.0,0,,0.0,,0.0,0,,0.0
female,0.0,0,964,0.964,0,,0.0,0,,0.0,,0.0,0,,0.0
male,0.0,0,965,0.965,0,,0.0,0,,0.0,,0.0,0,,0.0
male,0.0,0,966,0.966,0,,0.0,0,,0.0,,0.0,0,,0.0
male,0.0,0,967,0.967,0,,0.0,0,,0.0,,0.0,0,,0.0
male,0.0,0,968,0.968,0,,0.0,0,,0.0,,0.0,0,,0.0
female,0.0,0,969,0.969,0,,0.0,0,,0.0,,0.0,0,,0.0
male,0.0,0,970,0.97,0,,0.0,0,,0.0,,0.0,0,,0.0
male,0.0,1,971,0.971,0,,1.0,0,,1.0,,1.0,0,,1.0
male,0.0,0,972,0.972,0,,0.0,0,,0.0,,0.0,0,,0.0
male,0.0,1,973,0.973,0,,1.0,0,,1.0,,1.0,0,,1.0
male,0.0,0,974,0.974,0,,0.0,0,,0.0,,0.0,0,,0.0
female,0.0,1,975,0.975,0,,1.0,0,,1.0,,1.0,0,,1.0
female,0.0,0,976,0.976,0,,0.0,0,,0.0,,0.0,0,,0.0
male,0.0,0,977,0.977,0,,0.0,0,,0.0,,0.0,0,,0.0
male,0.0,1,978,0.978,0,,1.0,0,,1.0,,1.0,0,,1.0
female,0.0,0,979,0.979,0,,0.0,0,,0.0,,0.0,0,,0.0
male,0.0,0,980,0.98,0,,0.0,0,,0.0,,0.0,0,,0.0
female,0.0,0,981,0.981,0,,0.0,0,,0.0,,0.0,0,,0.0
male,0.0,0,982,0.982,0,,0.0,0,,0.0,,0.0,0,,0.0
male,0.0,0,983,0.983,0,,0.0,0,,0.0,,0.0,0,,0.0
male,0.0,0,984,0.984,0,,0.0,0,,0.0,,0.0,0,,0.0
male,0.0,0,985,0.985,0,,0.0,0,,0.0,,0.0,0,,0.0
male,0.0,0,986,0.986,0,,0.0,0,,0.0,,0.0,0,,0.0
male,0.0,0,987,0.987,0,,0.0,0,,0.0,,0.0,0,,0.0
male,0.0,0,988,0.988,0,,0.0,0,,0.0,,0.0,0,,0.0
male,0.0,0,989,0.989,0,,0.0,0,,0.0,,0.0,0,,0.0
male,0.0,0,990,0.99,0,,0.0,0,,0.0,,0.0,0,,0.0
male,0.0,1,991,0.991,0,,1.0,0,,1.0,,1.0,0,,1.0
male,0.0,1,992,0.992,0,,1.0,0,,1.0,,1.0,0,,1.0
male,0.0,0,993,0.993,0,,0.0,0,,0.0,,0.0,0,,0.0
male,0.0,0,994,0.994,0,,0.0,0,,0.0,,0.0,0,,0.0
male,0.0,0,995,0.995,0,,0.0,0,,0.0,,0.0,0,,0.0
female,0.0,0,996,0.996,0,,0.0,0,,0.0,,0.0,0,,0.0
female,0.0,1,997,0.997,0,,1.0,0,,1.0,,1.0,0,,1.0
male,0.0,0,998,0.998,0,,0.0,0,,0.0,,0.0,0,,0.0
female,0.0,0,999,0.999,0,,0.0,0,,0.0,,0.0,0,,0.0
male,0.0,0,1000,1.0,0,,0.0,0,,0.0,,0.0,0,,0.0
